{
  "AEFES": [
    {
      "Tarih": "2025-11-26T18:00:18.3743776+03:00",
      "Sembol": "AEFES",
      "SirketAdi": "Anadolu Efes Birac\u0131l\u0131k ve Malt Sanayii A.\u015E.",
      "ToplamKaynaklar": 412436354000,
      "UzunVadeliYuk": 84314227000,
      "KisaVadeliYuk": 115470359000,
      "CalisanBorclari": 1129261000,
      "OdenmisSermaaye": 5921052000,
      "AdilDeger": 103.20660568426016187663948906,
      "GuncelFiyat": 15.98,
      "IskontoOrani": 545.84859627196596919048491277
    }
  ]
}